{
    "exact": 75.0,
    "f1": 77.83333333333333,
    "total": 100,
    "HasAns_exact": 73.33333333333333,
    "HasAns_f1": 79.62962962962963,
    "HasAns_total": 45,
    "NoAns_exact": 76.36363636363636,
    "NoAns_f1": 76.36363636363636,
    "NoAns_total": 55
}